id,name
1,Brian
2,Gregory
3,Ashley
4,Samuel
5,Justin
6,Eric
7,Alexander
8,Jason
9,Paul
10,Jeffrey
11,Kenneth
12,Jeffrey
13,Betty
14,Ashley
15,Nancy
16,Margaret
17,Christine
18,Emma
19,Kevin
20,Deborah
21,Kathleen
22,Nancy
23,Deborah
24,Patricia
25,Sharon
26,Thomas
27,Jerry
28,Jessica
29,Dennis
30,Sarah
31,Ryan
32,Kenneth
33,Shirley
34,Jennifer
35,Michelle
36,Gary
37,Brian
38,Timothy
39,Catherine
40,Kevin
41,Benjamin
42,Melissa
43,Jack
44,Betty
45,Justin
46,Pamela
47,Gary
48,Jerry
49,Sharon
50,Raymond
51,Helen
52,Nancy
53,Raymond
54,Justin
55,Richard
56,Katherine
57,Kathleen
58,Thomas
59,Andrew
60,Mark
61,Andrew
62,Lisa
63,Melissa
64,Shirley
65,Janet
66,Nancy
67,Dennis
68,Carol
69,Christine
70,Christopher
71,Emma
72,Michael
73,George
74,Samantha
75,Charles
76,Katherine
77,Brenda
78,Rebecca
79,Karen
80,William
81,James
82,Gary
83,Angela
84,Matthew
85,Anna
86,Jeffrey
87,Michelle
88,Justin
89,Gary
90,Brandon
91,Charles
92,Christopher
93,Anthony
94,Elizabeth
95,Jack
96,Shirley
97,Sharon
98,Nicholas
99,Timothy
100,Jason
101,Rebecca
102,Emily
103,Anna
104,Christine
105,Susan
106,Catherine
107,Ashley
108,Joshua
109,Jennifer
110,Andrew
111,Sandra
112,Steven
113,Larry
114,Ryan
115,George
116,Donald
117,Mark
118,Stephanie
119,David
120,Stephanie
121,Anna
122,Jerry
123,Carolyn
124,Lisa
125,Karen
126,Shirley
127,Patrick
128,Kathleen
129,Nicholas
130,Ashley
131,Rebecca
132,Sharon
133,Robert
134,Mark
135,William
136,Gary
137,Dennis
138,Benjamin
139,Susan
140,William
141,Charles
142,Emma
143,Barbara
144,Emily
145,Frank
146,Charles
147,Paul
148,Jerry
149,Jonathan
150,Donald
151,Ashley
152,Robert
153,Angela
154,Jennifer
155,Frank
156,James
157,Katherine
158,Anna
159,Eric
160,Raymond
161,Richard
162,Kevin
163,Samuel
164,Gary
165,Amy
166,Nancy
167,Nicholas
168,Alexander
169,Eric
170,Nancy
171,Rebecca
172,Anthony
173,Benjamin
174,Brenda
175,Thomas
176,Anna
177,Robert
178,Amanda
179,Matthew
180,Scott
181,Anna
182,Raymond
183,Jerry
184,Linda
185,Paul
186,Daniel
187,Margaret
188,Karen
189,Angela
190,Angela
191,Kenneth
192,Dorothy
193,Sarah
194,Betty
195,Mary
196,Jessica
197,Kenneth
198,Paul
199,Amy
200,Eric
